order_date,annee,mois,trimestre,date_id
2017-11-08,2017,11,4,1
2017-06-12,2017,6,2,2
2016-10-11,2016,10,4,3
2015-06-09,2015,6,2,4
2018-04-15,2018,4,2,5
2017-12-05,2017,12,4,6
2016-11-22,2016,11,4,7
2015-05-13,2015,5,2,8
2015-08-27,2015,8,3,9
2017-12-09,2017,12,4,10
2017-01-16,2017,1,1,11
2016-09-17,2016,9,3,12
2018-10-19,2018,10,4,13
2016-12-27,2016,12,4,14
2018-09-10,2018,9,3,15
2017-03-11,2017,3,1,16
2017-06-20,2017,6,2,17
2016-04-18,2016,4,2,18
2017-12-11,2017,12,4,19
2017-06-17,2017,6,2,20
2016-11-24,2016,11,4,21
2015-12-05,2015,12,4,22
2017-09-18,2017,9,3,23
2016-04-26,2016,4,2,24
2018-12-09,2018,12,4,25
2016-09-03,2016,9,3,26
2018-11-13,2018,11,4,27
2018-05-28,2018,5,2,28
2018-10-26,2018,10,4,29
2017-04-05,2017,4,2,30
2017-09-17,2017,9,3,31
2016-01-31,2016,1,1,32
2018-11-06,2018,11,4,33
2018-11-09,2018,11,4,34
2018-06-17,2018,6,2,35
2017-09-06,2017,9,3,36
2017-08-29,2017,8,3,37
2017-12-01,2017,12,4,38
2016-11-13,2016,11,4,39
2018-11-23,2018,11,4,40
2016-10-15,2016,10,4,41
2018-12-25,2018,12,4,42
2015-08-25,2015,8,3,43
2016-04-05,2016,4,2,44
2017-11-06,2017,11,4,45
2018-02-02,2018,2,1,46
2017-10-13,2017,10,4,47
2018-09-18,2018,9,3,48
2017-03-13,2017,3,1,49
2016-05-31,2016,5,2,50
2016-05-28,2016,5,2,51
2015-03-01,2015,3,1,52
2017-11-20,2017,11,4,53
2017-05-11,2017,5,2,54
2016-12-28,2016,12,4,55
2017-11-16,2017,11,4,56
2017-11-07,2017,11,4,57
2015-09-08,2015,9,3,58
2015-08-05,2015,8,3,59
2015-09-14,2015,9,3,60
2016-11-21,2016,11,4,61
2015-11-19,2015,11,4,62
2017-11-28,2017,11,4,63
2015-08-26,2015,8,3,64
2017-07-16,2017,7,3,65
2016-10-12,2016,10,4,66
2016-10-31,2016,10,4,67
2018-06-24,2018,6,2,68
2015-08-03,2015,8,3,69
2018-12-17,2018,12,4,70
2018-12-01,2018,12,4,71
2016-02-09,2016,2,1,72
2016-01-02,2016,1,1,73
2017-10-28,2017,10,4,74
2016-12-24,2016,12,4,75
2016-08-09,2016,8,3,76
2016-02-28,2016,2,1,77
2015-09-13,2015,9,3,78
2018-04-07,2018,4,2,79
2018-11-12,2018,11,4,80
2017-06-04,2017,6,2,81
2015-06-01,2015,6,2,82
2017-12-10,2017,12,4,83
2016-11-28,2016,11,4,84
2018-06-08,2018,6,2,85
2017-06-06,2017,6,2,86
2016-11-10,2016,11,4,87
2017-01-22,2017,1,1,88
2016-07-30,2016,7,3,89
2018-09-16,2018,9,3,90
2018-10-13,2018,10,4,91
2016-09-26,2016,9,3,92
2017-12-18,2017,12,4,93
2015-12-26,2015,12,4,94
2018-11-19,2018,11,4,95
2016-05-04,2016,5,2,96
2015-12-30,2015,12,4,97
2017-09-12,2017,9,3,98
2015-08-09,2015,8,3,99
2015-11-04,2015,11,4,100
2015-09-19,2015,9,3,101
2017-04-23,2017,4,2,102
2018-11-03,2018,11,4,103
2017-08-30,2017,8,3,104
2017-04-25,2017,4,2,105
2016-09-01,2016,9,3,106
2015-07-12,2015,7,3,107
2015-04-13,2015,4,2,108
2016-12-20,2016,12,4,109
2018-06-15,2018,6,2,110
2018-07-08,2018,7,3,111
2017-09-01,2017,9,3,112
2017-04-08,2017,4,2,113
2018-09-25,2018,9,3,114
2017-10-21,2017,10,4,115
2018-05-29,2018,5,2,116
2015-07-23,2015,7,3,117
2017-09-28,2017,9,3,118
2016-04-28,2016,4,2,119
2016-06-26,2016,6,2,120
2016-11-27,2016,11,4,121
2016-12-03,2016,12,4,122
2015-11-24,2015,11,4,123
2018-12-11,2018,12,4,124
2015-09-21,2015,9,3,125
2015-06-07,2015,6,2,126
2018-06-30,2018,6,2,127
2018-10-17,2018,10,4,128
2017-09-08,2017,9,3,129
2015-12-24,2015,12,4,130
2018-12-24,2018,12,4,131
2018-12-08,2018,12,4,132
2017-04-14,2017,4,2,133
2018-03-04,2018,3,1,134
2015-06-22,2015,6,2,135
2018-10-01,2018,10,4,136
2017-04-15,2017,4,2,137
2015-12-19,2015,12,4,138
2018-09-15,2018,9,3,139
2018-01-20,2018,1,1,140
2017-09-05,2017,9,3,141
2017-04-01,2017,4,2,142
2018-10-20,2018,10,4,143
2017-12-13,2017,12,4,144
2017-09-26,2017,9,3,145
2016-12-15,2016,12,4,146
2017-04-22,2017,4,2,147
2016-01-17,2016,1,1,148
2018-03-31,2018,3,1,149
2017-12-16,2017,12,4,150
2015-11-09,2015,11,4,151
2017-07-12,2017,7,3,152
2017-10-27,2017,10,4,153
2017-06-26,2017,6,2,154
2015-10-06,2015,10,4,155
2015-07-22,2015,7,3,156
2018-06-10,2018,6,2,157
2017-05-09,2017,5,2,158
2017-03-18,2017,3,1,159
2017-07-25,2017,7,3,160
2017-05-30,2017,5,2,161
2016-03-16,2016,3,1,162
2018-11-26,2018,11,4,163
2018-12-21,2018,12,4,164
2018-01-22,2018,1,1,165
2016-03-22,2016,3,1,166
2018-01-23,2018,1,1,167
2017-05-21,2017,5,2,168
2016-12-26,2016,12,4,169
2016-11-07,2016,11,4,170
2018-09-07,2018,9,3,171
2017-05-29,2017,5,2,172
2017-07-10,2017,7,3,173
2016-12-07,2016,12,4,174
2015-02-01,2015,2,1,175
2017-07-14,2017,7,3,176
2015-05-11,2015,5,2,177
2016-11-15,2016,11,4,178
2018-11-24,2018,11,4,179
2015-03-03,2015,3,1,180
2017-06-10,2017,6,2,181
2018-11-20,2018,11,4,182
2018-12-07,2018,12,4,183
2018-12-28,2018,12,4,184
2017-11-03,2017,11,4,185
2016-09-18,2016,9,3,186
2016-09-10,2016,9,3,187
2016-07-03,2016,7,3,188
2017-03-20,2017,3,1,189
2015-01-09,2015,1,1,190
2015-08-08,2015,8,3,191
2015-03-15,2015,3,1,192
2015-05-23,2015,5,2,193
2017-04-28,2017,4,2,194
2017-09-11,2017,9,3,195
2018-11-14,2018,11,4,196
2018-08-18,2018,8,3,197
2018-05-19,2018,5,2,198
2016-10-04,2016,10,4,199
2017-08-15,2017,8,3,200
2017-05-20,2017,5,2,201
2018-07-30,2018,7,3,202
2018-07-21,2018,7,3,203
2018-06-19,2018,6,2,204
2017-08-22,2017,8,3,205
2017-09-19,2017,9,3,206
2018-06-09,2018,6,2,207
2018-12-05,2018,12,4,208
2018-03-18,2018,3,1,209
2017-11-19,2017,11,4,210
2015-07-05,2015,7,3,211
2015-06-21,2015,6,2,212
2016-03-28,2016,3,1,213
2016-05-14,2016,5,2,214
2016-04-09,2016,4,2,215
2015-09-12,2015,9,3,216
2015-12-02,2015,12,4,217
2015-07-01,2015,7,3,218
2015-06-02,2015,6,2,219
2017-02-13,2017,2,1,220
2017-07-07,2017,7,3,221
2017-12-03,2017,12,4,222
2018-01-21,2018,1,1,223
2015-01-04,2015,1,1,224
2017-08-27,2017,8,3,225
2015-05-27,2015,5,2,226
2018-10-02,2018,10,4,227
2015-12-29,2015,12,4,228
2018-07-23,2018,7,3,229
2016-08-31,2016,8,3,230
2016-02-08,2016,2,1,231
2015-01-13,2015,1,1,232
2015-05-14,2015,5,2,233
2018-01-30,2018,1,1,234
2016-08-21,2016,8,3,235
2016-10-03,2016,10,4,236
2016-05-23,2016,5,2,237
2018-03-17,2018,3,1,238
2015-09-20,2015,9,3,239
2018-09-21,2018,9,3,240
2018-02-20,2018,2,1,241
2017-08-18,2017,8,3,242
2017-03-12,2017,3,1,243
2015-11-01,2015,11,4,244
2016-02-03,2016,2,1,245
2015-10-13,2015,10,4,246
2016-03-20,2016,3,1,247
2017-09-15,2017,9,3,248
2015-06-28,2015,6,2,249
2018-06-20,2018,6,2,250
2015-05-09,2015,5,2,251
2018-08-21,2018,8,3,252
2018-06-16,2018,6,2,253
2017-07-23,2017,7,3,254
2017-03-07,2017,3,1,255
2016-11-20,2016,11,4,256
2016-10-13,2016,10,4,257
2015-02-07,2015,2,1,258
2017-02-19,2017,2,1,259
2018-04-10,2018,4,2,260
2017-01-05,2017,1,1,261
2015-01-10,2015,1,1,262
2017-09-29,2017,9,3,263
2015-04-06,2015,4,2,264
2017-09-03,2017,9,3,265
2016-10-19,2016,10,4,266
2015-12-10,2015,12,4,267
2018-08-25,2018,8,3,268
2017-01-17,2017,1,1,269
2018-11-30,2018,11,4,270
2017-10-22,2017,10,4,271
2015-04-29,2015,4,2,272
2016-04-25,2016,4,2,273
2018-06-26,2018,6,2,274
2015-12-09,2015,12,4,275
2017-11-10,2017,11,4,276
2017-10-03,2017,10,4,277
2015-09-09,2015,9,3,278
2018-10-29,2018,10,4,279
2017-04-10,2017,4,2,280
2018-11-11,2018,11,4,281
2018-12-30,2018,12,4,282
2018-09-02,2018,9,3,283
2018-11-27,2018,11,4,284
2015-06-15,2015,6,2,285
2017-03-05,2017,3,1,286
2016-04-11,2016,4,2,287
2016-10-05,2016,10,4,288
2018-04-14,2018,4,2,289
2018-11-05,2018,11,4,290
2016-12-13,2016,12,4,291
2016-05-29,2016,5,2,292
2016-07-26,2016,7,3,293
2018-11-28,2018,11,4,294
2018-04-03,2018,4,2,295
2018-05-15,2018,5,2,296
2016-09-22,2016,9,3,297
2015-09-22,2015,9,3,298
2018-04-09,2018,4,2,299
2015-01-16,2015,1,1,300
2018-10-05,2018,10,4,301
2018-07-09,2018,7,3,302
2016-12-09,2016,12,4,303
2018-09-29,2018,9,3,304
2016-03-10,2016,3,1,305
2018-05-21,2018,5,2,306
2017-09-09,2017,9,3,307
2017-08-26,2017,8,3,308
2016-10-28,2016,10,4,309
2017-11-13,2017,11,4,310
2016-07-31,2016,7,3,311
2016-08-27,2016,8,3,312
2016-11-06,2016,11,4,313
2018-08-01,2018,8,3,314
2016-12-21,2016,12,4,315
2016-07-06,2016,7,3,316
2016-04-27,2016,4,2,317
2016-06-16,2016,6,2,318
2017-01-11,2017,1,1,319
2015-07-11,2015,7,3,320
2016-06-13,2016,6,2,321
2016-04-04,2016,4,2,322
2018-12-10,2018,12,4,323
2017-11-24,2017,11,4,324
2016-03-23,2016,3,1,325
2016-04-16,2016,4,2,326
2018-09-28,2018,9,3,327
2016-07-25,2016,7,3,328
2017-11-12,2017,11,4,329
2018-09-23,2018,9,3,330
2016-11-29,2016,11,4,331
2017-03-01,2017,3,1,332
2017-08-12,2017,8,3,333
2018-06-04,2018,6,2,334
2016-12-06,2016,12,4,335
2015-06-25,2015,6,2,336
2017-06-14,2017,6,2,337
2018-04-21,2018,4,2,338
2018-12-18,2018,12,4,339
2017-07-22,2017,7,3,340
2016-09-04,2016,9,3,341
2015-01-20,2015,1,1,342
2016-03-02,2016,3,1,343
2017-04-12,2017,4,2,344
2017-12-06,2017,12,4,345
2017-06-05,2017,6,2,346
2015-09-29,2015,9,3,347
2017-12-31,2017,12,4,348
2015-12-20,2015,12,4,349
2017-07-02,2017,7,3,350
2018-06-29,2018,6,2,351
2015-05-04,2015,5,2,352
2016-11-02,2016,11,4,353
2015-04-21,2015,4,2,354
2016-10-22,2016,10,4,355
2015-12-27,2015,12,4,356
2017-04-24,2017,4,2,357
2018-01-14,2018,1,1,358
2018-02-26,2018,2,1,359
2016-09-15,2016,9,3,360
2017-07-18,2017,7,3,361
2018-09-09,2018,9,3,362
2017-12-04,2017,12,4,363
2015-08-11,2015,8,3,364
2017-02-15,2017,2,1,365
2018-05-14,2018,5,2,366
2015-12-12,2015,12,4,367
2018-03-10,2018,3,1,368
2017-12-24,2017,12,4,369
2018-07-07,2018,7,3,370
2017-10-01,2017,10,4,371
2017-04-21,2017,4,2,372
2017-05-26,2017,5,2,373
2017-05-02,2017,5,2,374
2016-07-04,2016,7,3,375
2017-11-22,2017,11,4,376
2017-12-08,2017,12,4,377
2016-09-19,2016,9,3,378
2018-07-03,2018,7,3,379
2017-09-24,2017,9,3,380
2018-02-03,2018,2,1,381
2018-03-03,2018,3,1,382
2018-10-09,2018,10,4,383
2017-03-30,2017,3,1,384
2018-10-15,2018,10,4,385
2018-06-02,2018,6,2,386
2015-02-16,2015,2,1,387
2015-05-06,2015,5,2,388
2018-04-02,2018,4,2,389
2018-01-02,2018,1,1,390
2015-03-17,2015,3,1,391
2017-03-28,2017,3,1,392
2018-05-04,2018,5,2,393
2017-05-05,2017,5,2,394
2018-11-10,2018,11,4,395
2018-03-07,2018,3,1,396
2015-04-01,2015,4,2,397
2015-08-04,2015,8,3,398
2017-02-05,2017,2,1,399
2017-11-01,2017,11,4,400
2017-04-19,2017,4,2,401
2017-09-02,2017,9,3,402
2017-09-25,2017,9,3,403
2018-11-04,2018,11,4,404
2017-07-09,2017,7,3,405
2015-06-30,2015,6,2,406
2018-01-28,2018,1,1,407
2016-09-21,2016,9,3,408
2017-12-26,2017,12,4,409
2018-04-12,2018,4,2,410
2018-12-19,2018,12,4,411
2018-06-13,2018,6,2,412
2015-04-23,2015,4,2,413
2016-05-01,2016,5,2,414
2016-07-19,2016,7,3,415
2017-11-26,2017,11,4,416
2018-06-12,2018,6,2,417
2016-08-17,2016,8,3,418
2016-12-01,2016,12,4,419
2016-05-16,2016,5,2,420
2016-09-24,2016,9,3,421
2018-07-11,2018,7,3,422
2018-03-19,2018,3,1,423
2017-12-02,2017,12,4,424
2017-10-14,2017,10,4,425
2015-11-27,2015,11,4,426
2016-11-03,2016,11,4,427
2015-11-29,2015,11,4,428
2018-10-30,2018,10,4,429
2015-12-17,2015,12,4,430
2018-09-04,2018,9,3,431
2016-08-01,2016,8,3,432
2015-02-03,2015,2,1,433
2018-04-16,2018,4,2,434
2016-03-26,2016,3,1,435
2018-08-31,2018,8,3,436
2015-03-11,2015,3,1,437
2015-02-04,2015,2,1,438
2016-11-23,2016,11,4,439
2015-05-03,2015,5,2,440
2018-10-16,2018,10,4,441
2016-02-06,2016,2,1,442
2015-04-04,2015,4,2,443
2018-09-05,2018,9,3,444
2015-03-04,2015,3,1,445
2016-03-19,2016,3,1,446
2015-11-23,2015,11,4,447
2015-12-15,2015,12,4,448
2017-05-23,2017,5,2,449
2017-05-12,2017,5,2,450
2016-06-23,2016,6,2,451
2015-10-19,2015,10,4,452
2016-03-24,2016,3,1,453
2018-05-08,2018,5,2,454
2015-05-26,2015,5,2,455
2017-03-15,2017,3,1,456
2016-08-10,2016,8,3,457
2017-09-10,2017,9,3,458
2018-06-21,2018,6,2,459
2017-05-08,2017,5,2,460
2015-11-26,2015,11,4,461
2016-11-01,2016,11,4,462
2015-08-29,2015,8,3,463
2018-11-18,2018,11,4,464
2018-04-30,2018,4,2,465
2017-03-22,2017,3,1,466
2017-05-18,2017,5,2,467
2015-09-07,2015,9,3,468
2018-04-24,2018,4,2,469
2017-03-14,2017,3,1,470
2016-09-25,2016,9,3,471
2015-06-03,2015,6,2,472
2016-07-13,2016,7,3,473
2015-02-02,2015,2,1,474
2016-01-30,2016,1,1,475
2018-10-07,2018,10,4,476
2017-04-30,2017,4,2,477
2017-05-19,2017,5,2,478
2016-12-19,2016,12,4,479
2017-02-07,2017,2,1,480
2015-09-28,2015,9,3,481
2018-07-29,2018,7,3,482
2015-06-06,2015,6,2,483
2017-08-13,2017,8,3,484
2015-04-25,2015,4,2,485
2018-10-14,2018,10,4,486
2018-12-02,2018,12,4,487
2016-12-08,2016,12,4,488
2017-08-04,2017,8,3,489
2015-03-22,2015,3,1,490
2018-03-02,2018,3,1,491
2017-11-27,2017,11,4,492
2015-04-28,2015,4,2,493
2017-11-11,2017,11,4,494
2016-07-09,2016,7,3,495
2018-09-22,2018,9,3,496
2016-02-15,2016,2,1,497
2015-09-30,2015,9,3,498
2018-08-27,2018,8,3,499
2017-08-08,2017,8,3,500
2017-12-25,2017,12,4,501
2017-02-11,2017,2,1,502
2017-10-23,2017,10,4,503
2016-09-14,2016,9,3,504
2016-06-04,2016,6,2,505
2015-05-25,2015,5,2,506
2017-02-16,2017,2,1,507
2017-12-22,2017,12,4,508
2018-10-21,2018,10,4,509
2016-11-05,2016,11,4,510
2015-08-01,2015,8,3,511
2018-01-12,2018,1,1,512
2016-07-20,2016,7,3,513
2015-06-13,2015,6,2,514
2018-05-12,2018,5,2,515
2018-03-26,2018,3,1,516
2016-06-25,2016,6,2,517
2015-07-21,2015,7,3,518
2018-11-21,2018,11,4,519
2015-06-04,2015,6,2,520
2017-03-10,2017,3,1,521
2018-03-25,2018,3,1,522
2018-12-29,2018,12,4,523
2018-03-28,2018,3,1,524
2016-03-05,2016,3,1,525
2018-01-19,2018,1,1,526
2015-10-21,2015,10,4,527
2015-03-14,2015,3,1,528
2018-12-22,2018,12,4,529
2016-12-31,2016,12,4,530
2017-06-29,2017,6,2,531
2017-05-17,2017,5,2,532
2017-11-15,2017,11,4,533
2015-01-15,2015,1,1,534
2016-11-08,2016,11,4,535
2016-10-30,2016,10,4,536
2018-08-17,2018,8,3,537
2017-07-08,2017,7,3,538
2018-03-09,2018,3,1,539
2017-06-09,2017,6,2,540
2018-03-16,2018,3,1,541
2018-08-06,2018,8,3,542
2016-05-25,2016,5,2,543
2018-08-29,2018,8,3,544
2018-05-06,2018,5,2,545
2015-12-14,2015,12,4,546
2016-05-08,2016,5,2,547
2016-12-14,2016,12,4,548
2015-12-03,2015,12,4,549
2015-11-25,2015,11,4,550
2016-11-09,2016,11,4,551
2018-06-25,2018,6,2,552
2015-02-06,2015,2,1,553
2018-04-11,2018,4,2,554
2015-12-31,2015,12,4,555
2015-11-15,2015,11,4,556
2016-12-11,2016,12,4,557
2018-08-20,2018,8,3,558
2016-11-26,2016,11,4,559
2016-01-23,2016,1,1,560
2016-06-18,2016,6,2,561
2016-10-02,2016,10,4,562
2015-08-17,2015,8,3,563
2017-07-17,2017,7,3,564
2016-07-11,2016,7,3,565
2015-10-31,2015,10,4,566
2016-04-13,2016,4,2,567
2017-07-21,2017,7,3,568
2018-11-07,2018,11,4,569
2018-09-12,2018,9,3,570
2017-06-23,2017,6,2,571
2016-10-26,2016,10,4,572
2018-07-15,2018,7,3,573
2015-11-17,2015,11,4,574
2016-11-25,2016,11,4,575
2017-05-15,2017,5,2,576
2015-07-18,2015,7,3,577
2018-03-24,2018,3,1,578
2015-09-26,2015,9,3,579
2018-04-13,2018,4,2,580
2018-01-07,2018,1,1,581
2015-06-23,2015,6,2,582
2015-05-20,2015,5,2,583
2016-11-30,2016,11,4,584
2018-11-16,2018,11,4,585
2017-06-25,2017,6,2,586
2017-01-07,2017,1,1,587
2018-03-13,2018,3,1,588
2018-01-27,2018,1,1,589
2017-07-30,2017,7,3,590
2017-10-15,2017,10,4,591
2017-05-07,2017,5,2,592
2018-08-10,2018,8,3,593
2015-11-28,2015,11,4,594
2016-09-06,2016,9,3,595
2015-07-14,2015,7,3,596
2016-08-22,2016,8,3,597
2015-11-14,2015,11,4,598
2018-07-28,2018,7,3,599
2018-07-31,2018,7,3,600
2015-03-31,2015,3,1,601
2017-07-15,2017,7,3,602
2018-04-20,2018,4,2,603
2016-09-28,2016,9,3,604
2016-12-18,2016,12,4,605
2017-11-14,2017,11,4,606
2018-10-12,2018,10,4,607
2018-09-17,2018,9,3,608
2018-12-20,2018,12,4,609
2016-03-06,2016,3,1,610
2015-10-03,2015,10,4,611
2015-06-27,2015,6,2,612
2018-11-17,2018,11,4,613
2016-04-20,2016,4,2,614
2016-08-06,2016,8,3,615
2018-06-11,2018,6,2,616
2018-07-20,2018,7,3,617
2016-12-23,2016,12,4,618
2018-03-20,2018,3,1,619
2018-03-21,2018,3,1,620
2015-08-23,2015,8,3,621
2015-08-19,2015,8,3,622
2017-02-22,2017,2,1,623
2018-02-10,2018,2,1,624
2018-01-24,2018,1,1,625
2017-05-06,2017,5,2,626
2016-12-12,2016,12,4,627
2017-03-17,2017,3,1,628
2016-11-14,2016,11,4,629
2018-08-14,2018,8,3,630
2018-04-01,2018,4,2,631
2018-03-23,2018,3,1,632
2016-06-07,2016,6,2,633
2015-11-12,2015,11,4,634
2017-04-18,2017,4,2,635
2017-06-11,2017,6,2,636
2018-05-13,2018,5,2,637
2015-11-18,2015,11,4,638
2017-05-22,2017,5,2,639
2017-10-31,2017,10,4,640
2017-11-05,2017,11,4,641
2018-12-03,2018,12,4,642
2018-08-28,2018,8,3,643
2016-10-09,2016,10,4,644
2015-12-13,2015,12,4,645
2015-07-25,2015,7,3,646
2016-07-02,2016,7,3,647
2015-09-05,2015,9,3,648
2018-05-02,2018,5,2,649
2016-04-06,2016,4,2,650
2015-10-24,2015,10,4,651
2016-01-27,2016,1,1,652
2016-08-16,2016,8,3,653
2017-09-14,2017,9,3,654
2017-10-08,2017,10,4,655
2016-12-25,2016,12,4,656
2016-03-17,2016,3,1,657
2018-11-01,2018,11,4,658
2018-12-27,2018,12,4,659
2015-11-22,2015,11,4,660
2015-01-26,2015,1,1,661
2018-04-23,2018,4,2,662
2015-12-16,2015,12,4,663
2017-03-04,2017,3,1,664
2015-04-26,2015,4,2,665
2018-10-22,2018,10,4,666
2016-07-05,2016,7,3,667
2016-08-15,2016,8,3,668
2016-02-20,2016,2,1,669
2017-12-29,2017,12,4,670
2017-04-17,2017,4,2,671
2017-08-16,2017,8,3,672
2017-05-01,2017,5,2,673
2016-08-25,2016,8,3,674
2018-12-04,2018,12,4,675
2017-08-28,2017,8,3,676
2015-03-18,2015,3,1,677
2015-05-24,2015,5,2,678
2015-12-04,2015,12,4,679
2018-08-26,2018,8,3,680
2015-12-06,2015,12,4,681
2015-10-04,2015,10,4,682
2018-02-13,2018,2,1,683
2015-07-02,2015,7,3,684
2016-02-21,2016,2,1,685
2017-02-25,2017,2,1,686
2016-06-20,2016,6,2,687
2018-08-07,2018,8,3,688
2016-12-04,2016,12,4,689
2016-04-17,2016,4,2,690
2018-06-22,2018,6,2,691
2018-01-15,2018,1,1,692
2016-04-02,2016,4,2,693
2017-10-09,2017,10,4,694
2015-04-12,2015,4,2,695
2016-05-12,2016,5,2,696
2016-11-16,2016,11,4,697
2015-09-25,2015,9,3,698
2018-01-26,2018,1,1,699
2018-05-18,2018,5,2,700
2017-06-02,2017,6,2,701
2018-07-25,2018,7,3,702
2018-08-12,2018,8,3,703
2018-08-13,2018,8,3,704
2017-01-21,2017,1,1,705
2017-01-15,2017,1,1,706
2015-02-21,2015,2,1,707
2017-01-30,2017,1,1,708
2017-10-18,2017,10,4,709
2018-10-23,2018,10,4,710
2015-03-30,2015,3,1,711
2016-09-12,2016,9,3,712
2018-09-11,2018,9,3,713
2018-02-19,2018,2,1,714
2015-06-16,2015,6,2,715
2017-11-23,2017,11,4,716
2016-08-08,2016,8,3,717
2017-11-04,2017,11,4,718
2018-04-26,2018,4,2,719
2018-12-16,2018,12,4,720
2016-05-07,2016,5,2,721
2018-10-03,2018,10,4,722
2016-06-12,2016,6,2,723
2017-05-25,2017,5,2,724
2017-02-21,2017,2,1,725
2017-10-02,2017,10,4,726
2015-05-17,2015,5,2,727
2018-04-17,2018,4,2,728
2017-08-23,2017,8,3,729
2017-03-24,2017,3,1,730
2017-11-21,2017,11,4,731
2016-06-11,2016,6,2,732
2018-10-06,2018,10,4,733
2017-04-09,2017,4,2,734
2017-01-03,2017,1,1,735
2015-07-20,2015,7,3,736
2015-05-21,2015,5,2,737
2018-05-27,2018,5,2,738
2018-02-09,2018,2,1,739
2017-03-03,2017,3,1,740
2016-08-23,2016,8,3,741
2018-04-27,2018,4,2,742
2018-09-08,2018,9,3,743
2015-08-24,2015,8,3,744
2017-06-07,2017,6,2,745
2016-08-24,2016,8,3,746
2017-03-26,2017,3,1,747
2017-10-29,2017,10,4,748
2017-05-28,2017,5,2,749
2017-03-21,2017,3,1,750
2015-11-07,2015,11,4,751
2018-03-12,2018,3,1,752
2015-09-01,2015,9,3,753
2016-07-10,2016,7,3,754
2015-05-18,2015,5,2,755
2015-11-10,2015,11,4,756
2017-01-09,2017,1,1,757
2015-12-23,2015,12,4,758
2015-10-02,2015,10,4,759
2017-02-01,2017,2,1,760
2018-10-27,2018,10,4,761
2015-10-11,2015,10,4,762
2015-05-22,2015,5,2,763
2015-07-15,2015,7,3,764
2018-11-02,2018,11,4,765
2015-04-05,2015,4,2,766
2015-09-17,2015,9,3,767
2017-10-30,2017,10,4,768
2015-08-15,2015,8,3,769
2015-09-27,2015,9,3,770
2016-09-11,2016,9,3,771
2016-07-23,2016,7,3,772
2015-11-11,2015,11,4,773
2018-12-14,2018,12,4,774
2016-08-13,2016,8,3,775
2015-09-23,2015,9,3,776
2015-07-19,2015,7,3,777
2015-07-09,2015,7,3,778
2018-07-01,2018,7,3,779
2015-11-21,2015,11,4,780
2017-09-20,2017,9,3,781
2016-09-27,2016,9,3,782
2017-08-06,2017,8,3,783
2017-10-07,2017,10,4,784
2015-03-16,2015,3,1,785
2015-08-31,2015,8,3,786
2017-11-30,2017,11,4,787
2018-09-24,2018,9,3,788
2015-06-20,2015,6,2,789
2017-12-20,2017,12,4,790
2017-08-09,2017,8,3,791
2016-04-10,2016,4,2,792
2017-06-24,2017,6,2,793
2015-04-18,2015,4,2,794
2018-12-23,2018,12,4,795
2017-03-29,2017,3,1,796
2015-03-23,2015,3,1,797
2017-07-03,2017,7,3,798
2016-12-10,2016,12,4,799
2017-11-29,2017,11,4,800
2017-09-22,2017,9,3,801
2016-03-12,2016,3,1,802
2017-06-13,2017,6,2,803
2015-12-08,2015,12,4,804
2018-11-22,2018,11,4,805
2018-03-06,2018,3,1,806
2017-09-23,2017,9,3,807
2017-02-28,2017,2,1,808
2018-02-25,2018,2,1,809
2015-04-11,2015,4,2,810
2018-02-16,2018,2,1,811
2015-11-16,2015,11,4,812
2018-12-26,2018,12,4,813
2017-09-04,2017,9,3,814
2015-01-27,2015,1,1,815
2016-11-12,2016,11,4,816
2018-03-05,2018,3,1,817
2018-05-07,2018,5,2,818
2015-04-08,2015,4,2,819
2015-07-26,2015,7,3,820
2015-10-28,2015,10,4,821
2018-11-25,2018,11,4,822
2018-06-06,2018,6,2,823
2018-02-17,2018,2,1,824
2015-07-27,2015,7,3,825
2016-10-23,2016,10,4,826
2016-06-15,2016,6,2,827
2016-01-03,2016,1,1,828
2018-06-05,2018,6,2,829
2018-07-18,2018,7,3,830
2017-06-28,2017,6,2,831
2017-05-16,2017,5,2,832
2017-11-18,2017,11,4,833
2016-06-01,2016,6,2,834
2016-02-22,2016,2,1,835
2018-04-08,2018,4,2,836
2015-11-03,2015,11,4,837
2016-03-08,2016,3,1,838
2016-12-22,2016,12,4,839
2018-08-11,2018,8,3,840
2017-12-12,2017,12,4,841
2016-07-16,2016,7,3,842
2016-09-07,2016,9,3,843
2016-05-02,2016,5,2,844
2018-05-11,2018,5,2,845
2016-03-29,2016,3,1,846
2017-12-30,2017,12,4,847
2015-05-19,2015,5,2,848
2016-12-05,2016,12,4,849
2017-04-16,2017,4,2,850
2016-03-14,2016,3,1,851
2017-07-01,2017,7,3,852
2015-04-07,2015,4,2,853
2016-07-08,2016,7,3,854
2015-05-05,2015,5,2,855
2015-11-30,2015,11,4,856
2016-02-18,2016,2,1,857
2016-01-05,2016,1,1,858
2018-07-05,2018,7,3,859
2017-04-04,2017,4,2,860
2015-03-26,2015,3,1,861
2016-05-17,2016,5,2,862
2018-08-23,2018,8,3,863
2015-08-22,2015,8,3,864
2017-10-04,2017,10,4,865
2015-10-26,2015,10,4,866
2016-02-14,2016,2,1,867
2018-09-01,2018,9,3,868
2018-05-20,2018,5,2,869
2016-10-25,2016,10,4,870
2015-09-02,2015,9,3,871
2018-08-19,2018,8,3,872
2016-11-17,2016,11,4,873
2018-09-14,2018,9,3,874
2017-05-03,2017,5,2,875
2017-12-27,2017,12,4,876
2016-06-19,2016,6,2,877
2017-07-04,2017,7,3,878
2015-03-24,2015,3,1,879
2016-09-05,2016,9,3,880
2015-12-01,2015,12,4,881
2018-06-18,2018,6,2,882
2015-02-20,2015,2,1,883
2015-11-02,2015,11,4,884
2018-07-17,2018,7,3,885
2016-02-27,2016,2,1,886
2018-03-30,2018,3,1,887
2016-07-12,2016,7,3,888
2015-07-13,2015,7,3,889
2017-02-27,2017,2,1,890
2016-06-09,2016,6,2,891
2016-05-26,2016,5,2,892
2017-01-24,2017,1,1,893
2018-08-03,2018,8,3,894
2016-08-02,2016,8,3,895
2017-04-26,2017,4,2,896
2016-05-03,2016,5,2,897
2017-01-10,2017,1,1,898
2017-07-31,2017,7,3,899
2016-12-17,2016,12,4,900
2016-10-10,2016,10,4,901
2016-03-09,2016,3,1,902
2017-05-14,2017,5,2,903
2018-07-13,2018,7,3,904
2016-04-07,2016,4,2,905
2018-06-01,2018,6,2,906
2016-01-13,2016,1,1,907
2018-12-15,2018,12,4,908
2018-05-23,2018,5,2,909
2018-03-08,2018,3,1,910
2017-12-23,2017,12,4,911
2015-10-15,2015,10,4,912
2015-10-14,2015,10,4,913
2017-01-02,2017,1,1,914
2018-01-06,2018,1,1,915
2015-03-07,2015,3,1,916
2015-09-03,2015,9,3,917
2017-01-31,2017,1,1,918
2017-05-24,2017,5,2,919
2015-04-30,2015,4,2,920
2018-01-29,2018,1,1,921
2016-09-08,2016,9,3,922
2015-04-20,2015,4,2,923
2018-08-04,2018,8,3,924
2016-08-07,2016,8,3,925
2018-04-25,2018,4,2,926
2017-11-17,2017,11,4,927
2016-06-21,2016,6,2,928
2017-05-27,2017,5,2,929
2016-09-13,2016,9,3,930
2017-06-21,2017,6,2,931
2018-08-22,2018,8,3,932
2017-08-02,2017,8,3,933
2016-05-21,2016,5,2,934
2018-01-03,2018,1,1,935
2018-09-30,2018,9,3,936
2015-12-07,2015,12,4,937
2018-05-05,2018,5,2,938
2018-08-15,2018,8,3,939
2018-07-27,2018,7,3,940
2017-08-21,2017,8,3,941
2015-01-06,2015,1,1,942
2015-01-18,2015,1,1,943
2016-10-24,2016,10,4,944
2017-08-14,2017,8,3,945
2018-02-18,2018,2,1,946
2017-09-27,2017,9,3,947
2018-08-24,2018,8,3,948
2017-03-31,2017,3,1,949
2018-04-28,2018,4,2,950
2015-03-21,2015,3,1,951
2015-01-19,2015,1,1,952
2018-10-08,2018,10,4,953
2016-05-30,2016,5,2,954
2016-03-31,2016,3,1,955
2018-05-22,2018,5,2,956
2018-10-04,2018,10,4,957
2017-10-24,2017,10,4,958
2015-02-11,2015,2,1,959
2018-09-03,2018,9,3,960
2016-05-15,2016,5,2,961
2016-01-04,2016,1,1,962
2015-05-28,2015,5,2,963
2017-07-28,2017,7,3,964
2015-04-02,2015,4,2,965
2018-03-29,2018,3,1,966
2015-05-30,2015,5,2,967
2015-11-08,2015,11,4,968
2016-02-25,2016,2,1,969
2017-08-31,2017,8,3,970
2015-05-02,2015,5,2,971
2016-07-18,2016,7,3,972
2016-03-27,2016,3,1,973
2015-09-10,2015,9,3,974
2016-08-05,2016,8,3,975
2016-04-29,2016,4,2,976
2017-01-04,2017,1,1,977
2015-10-16,2015,10,4,978
2017-04-03,2017,4,2,979
2017-07-19,2017,7,3,980
2016-12-30,2016,12,4,981
2015-10-05,2015,10,4,982
2018-02-23,2018,2,1,983
2018-07-06,2018,7,3,984
2016-04-19,2016,4,2,985
2017-02-04,2017,2,1,986
2017-06-15,2017,6,2,987
2015-03-02,2015,3,1,988
2018-09-20,2018,9,3,989
2018-09-19,2018,9,3,990
2018-06-03,2018,6,2,991
2015-10-25,2015,10,4,992
2016-10-18,2016,10,4,993
2015-12-22,2015,12,4,994
2017-06-27,2017,6,2,995
2017-08-03,2017,8,3,996
2015-03-19,2015,3,1,997
2017-12-19,2017,12,4,998
2015-08-02,2015,8,3,999
2018-04-04,2018,4,2,1000
2018-12-13,2018,12,4,1001
2017-10-20,2017,10,4,1002
2016-07-27,2016,7,3,1003
2015-12-21,2015,12,4,1004
2017-10-06,2017,10,4,1005
2016-10-01,2016,10,4,1006
2015-07-08,2015,7,3,1007
2016-03-13,2016,3,1,1008
2016-04-22,2016,4,2,1009
2015-12-28,2015,12,4,1010
2015-06-17,2015,6,2,1011
2016-10-29,2016,10,4,1012
2016-03-07,2016,3,1,1013
2015-01-30,2015,1,1,1014
2016-02-07,2016,2,1,1015
2017-12-14,2017,12,4,1016
2018-10-31,2018,10,4,1017
2018-05-30,2018,5,2,1018
2017-03-08,2017,3,1,1019
2016-03-30,2016,3,1,1020
2016-08-29,2016,8,3,1021
2015-01-14,2015,1,1,1022
2016-03-21,2016,3,1,1023
2018-10-28,2018,10,4,1024
2016-07-24,2016,7,3,1025
2018-01-16,2018,1,1,1026
2015-02-23,2015,2,1,1027
2015-10-20,2015,10,4,1028
2015-05-07,2015,5,2,1029
2018-02-05,2018,2,1,1030
2017-05-10,2017,5,2,1031
2017-11-25,2017,11,4,1032
2017-08-07,2017,8,3,1033
2016-04-30,2016,4,2,1034
2016-04-21,2016,4,2,1035
2018-01-13,2018,1,1,1036
2015-09-06,2015,9,3,1037
2016-01-19,2016,1,1,1038
2018-08-05,2018,8,3,1039
2017-12-15,2017,12,4,1040
2018-05-25,2018,5,2,1041
2015-10-10,2015,10,4,1042
2018-01-01,2018,1,1,1043
2015-11-05,2015,11,4,1044
2016-05-20,2016,5,2,1045
2015-07-04,2015,7,3,1046
2016-02-16,2016,2,1,1047
2017-07-24,2017,7,3,1048
2015-07-06,2015,7,3,1049
2017-06-18,2017,6,2,1050
2017-01-08,2017,1,1,1051
2016-12-16,2016,12,4,1052
2015-10-17,2015,10,4,1053
2016-05-24,2016,5,2,1054
2018-12-06,2018,12,4,1055
2016-06-28,2016,6,2,1056
2016-11-19,2016,11,4,1057
2017-09-16,2017,9,3,1058
2018-05-26,2018,5,2,1059
2018-02-06,2018,2,1,1060
2018-02-04,2018,2,1,1061
2016-01-09,2016,1,1,1062
2017-08-19,2017,8,3,1063
2017-08-01,2017,8,3,1064
2015-10-18,2015,10,4,1065
2018-03-11,2018,3,1,1066
2018-04-29,2018,4,2,1067
2016-05-13,2016,5,2,1068
2015-04-22,2015,4,2,1069
2016-08-11,2016,8,3,1070
2018-01-09,2018,1,1,1071
2018-02-24,2018,2,1,1072
2018-08-16,2018,8,3,1073
2017-01-14,2017,1,1,1074
2017-10-10,2017,10,4,1075
2016-02-10,2016,2,1,1076
2017-10-16,2017,10,4,1077
2017-09-13,2017,9,3,1078
2015-02-15,2015,2,1,1079
2015-09-15,2015,9,3,1080
2018-07-14,2018,7,3,1081
2018-09-26,2018,9,3,1082
2015-11-20,2015,11,4,1083
2015-05-10,2015,5,2,1084
2018-05-03,2018,5,2,1085
2015-02-22,2015,2,1,1086
2015-04-15,2015,4,2,1087
2018-09-13,2018,9,3,1088
2015-10-22,2015,10,4,1089
2018-07-02,2018,7,3,1090
2016-01-06,2016,1,1,1091
2017-04-13,2017,4,2,1092
2017-02-14,2017,2,1,1093
2016-01-24,2016,1,1,1094
2015-03-28,2015,3,1,1095
2015-04-19,2015,4,2,1096
2016-07-14,2016,7,3,1097
2017-03-25,2017,3,1,1098
2015-05-31,2015,5,2,1099
2017-07-20,2017,7,3,1100
2016-09-20,2016,9,3,1101
2018-07-10,2018,7,3,1102
2016-08-28,2016,8,3,1103
2016-10-20,2016,10,4,1104
2018-11-08,2018,11,4,1105
2016-05-22,2016,5,2,1106
2018-07-22,2018,7,3,1107
2017-03-09,2017,3,1,1108
2015-02-18,2015,2,1,1109
2017-06-30,2017,6,2,1110
2018-05-01,2018,5,2,1111
2016-05-10,2016,5,2,1112
2018-05-09,2018,5,2,1113
2015-08-12,2015,8,3,1114
2017-08-11,2017,8,3,1115
2017-02-08,2017,2,1,1116
2017-12-17,2017,12,4,1117
2018-04-06,2018,4,2,1118
2018-03-14,2018,3,1,1119
2017-03-06,2017,3,1,1120
2015-08-30,2015,8,3,1121
2018-02-11,2018,2,1,1122
2018-03-27,2018,3,1,1123
2017-02-02,2017,2,1,1124
2015-03-05,2015,3,1,1125
2016-03-01,2016,3,1,1126
2017-04-07,2017,4,2,1127
2015-05-16,2015,5,2,1128
2015-08-06,2015,8,3,1129
2017-03-27,2017,3,1,1130
2016-07-17,2016,7,3,1131
2017-01-28,2017,1,1,1132
2017-11-09,2017,11,4,1133
2018-10-24,2018,10,4,1134
2015-10-01,2015,10,4,1135
2018-06-27,2018,6,2,1136
2016-02-23,2016,2,1,1137
2016-06-05,2016,6,2,1138
2017-02-09,2017,2,1,1139
2015-10-08,2015,10,4,1140
2017-10-17,2017,10,4,1141
2017-05-31,2017,5,2,1142
2016-01-26,2016,1,1,1143
2018-10-10,2018,10,4,1144
2016-06-29,2016,6,2,1145
2015-01-23,2015,1,1,1146
2016-06-08,2016,6,2,1147
2017-03-19,2017,3,1,1148
2015-03-25,2015,3,1,1149
2018-02-21,2018,2,1,1150
2017-01-25,2017,1,1,1151
2016-09-16,2016,9,3,1152
2015-06-24,2015,6,2,1153
2015-10-27,2015,10,4,1154
2017-06-16,2017,6,2,1155
2015-10-09,2015,10,4,1156
2015-02-27,2015,2,1,1157
2015-02-17,2015,2,1,1158
2016-05-11,2016,5,2,1159
2015-10-29,2015,10,4,1160
2016-04-14,2016,4,2,1161
2015-08-20,2015,8,3,1162
2017-10-11,2017,10,4,1163
2015-02-14,2015,2,1,1164
2015-06-18,2015,6,2,1165
2018-02-28,2018,2,1,1166
2016-01-12,2016,1,1,1167
